#Release 14.7 - par P.20131013 (nt64)
#Copyright (c) 1995-2013 Xilinx, Inc.  All rights reserved.

#Tue Apr 30 15:56:25 2019

#
## NOTE: This file is designed to be imported into a spreadsheet program
# such as Microsoft Excel for viewing, printing and sorting. The |
# character is used as the data field separator. This file is also designed
# to support parsing.
#
#INPUT FILE:       top_map.ncd
#OUTPUT FILE:      top_pad.csv
#PART TYPE:        xc6slx9
#SPEED GRADE:      -3
#PACKAGE:          tqg144
#
# Pinout by Pin Number:
# 
# -----,-----,-----,-----,-----,-----,-----,-----,-----,-----,-----,-----,-----,-----,-----,
Pin Number,Signal Name,Pin Usage,Pin Name,Direction,IO Standard,IO Bank Number,Drive (mA),Slew Rate,Termination,IOB Delay,Voltage,Constraint,IO Register,Signal Integrity,
P1,dio_12,IOB,IO_L83N_VREF_3,BIDIR,LVCMOS33,3,12,SLOW,,NONE,,LOCATED,NO,NONE,
P2,dio_13,IOB,IO_L83P_3,BIDIR,LVCMOS33,3,12,SLOW,,NONE,,LOCATED,NO,NONE,
P3,,,GND,,,,,,,,,,,,
P4,,,VCCO_3,,,3,,,,,3.30,,,,
P5,shield_scl,IOB,IO_L52N_3,INPUT,I2C,3,,,,NONE,,LOCATED,NO,NONE,
P6,shield_sda,IOB,IO_L52P_3,INPUT,I2C,3,,,,NONE,,LOCATED,NO,NONE,
P7,scl,IOB,IO_L51N_3,BIDIR,I2C,3,,,,NONE,,LOCATED,NO,NONE,
P8,sda,IOB,IO_L51P_3,BIDIR,I2C,3,,,,NONE,,LOCATED,NO,NONE,
P9,,IOBS,IO_L50N_3,UNUSED,,3,,,,,,,,,
P10,,IOBM,IO_L50P_3,UNUSED,,3,,,,,,,,,
P11,,IOBS,IO_L49N_3,UNUSED,,3,,,,,,,,,
P12,,IOBM,IO_L49P_3,UNUSED,,3,,,,,,,,,
P13,,,GND,,,,,,,,,,,,
P14,,IOBS,IO_L44N_GCLK20_3,UNUSED,,3,,,,,,,,,
P15,,IOBM,IO_L44P_GCLK21_3,UNUSED,,3,,,,,,,,,
P16,,IOBS,IO_L43N_GCLK22_IRDY2_3,UNUSED,,3,,,,,,,,,
P17,clk,IOB,IO_L43P_GCLK23_3,INPUT,LVCMOS33,3,,,,NONE,,LOCATED,NO,NONE,
P18,,,VCCO_3,,,3,,,,,3.30,,,,
P19,,,VCCINT,,,,,,,,1.2,,,,
P20,,,VCCAUX,,,,,,,,3.3,,,,
P21,,IOBS,IO_L42N_GCLK24_3,UNUSED,,3,,,,,,,,,
P22,cbus_3,IOB,IO_L42P_GCLK25_TRDY2_3,INPUT,LVCMOS33,3,,,,NONE,,LOCATED,NO,NONE,
P23,,IOBS,IO_L41N_GCLK26_3,UNUSED,,3,,,,,,,,,
P24,cbus_0,IOB,IO_L41P_GCLK27_3,INPUT,LVCMOS33,3,,,,NONE,,LOCATED,NO,NONE,
P25,,,GND,,,,,,,,,,,,
P26,,IOBS,IO_L37N_3,UNUSED,,3,,,,,,,,,
P27,,IOBM,IO_L37P_3,UNUSED,,3,,,,,,,,,
P28,,,VCCINT,,,,,,,,1.2,,,,
P29,,IOBS,IO_L36N_3,UNUSED,,3,,,,,,,,,
P30,,IOBM,IO_L36P_3,UNUSED,,3,,,,,,,,,
P31,,,VCCO_3,,,3,,,,,3.30,,,,
P32,,IOBS,IO_L2N_3,UNUSED,,3,,,,,,,,,
P33,,IOBM,IO_L2P_3,UNUSED,,3,,,,,,,,,
P34,,IOBS,IO_L1N_VREF_3,UNUSED,,3,,,,,,,,,
P35,,IOBM,IO_L1P_3,UNUSED,,3,,,,,,,,,
P36,,,VCCAUX,,,,,,,,3.3,,,,
P37,,,PROGRAM_B_2,,,,,,,,,,,,
P38,,IOBS,IO_L65N_CSO_B_2,UNUSED,,2,,,,,,,,,
P39,,IOBM,IO_L65P_INIT_B_2,UNUSED,,2,,,,,,,,,
P40,,IOBS,IO_L64N_D9_2,UNUSED,,2,,,,,,,,,
P41,,IOBM,IO_L64P_D8_2,UNUSED,,2,,,,,,,,,
P42,,,VCCO_2,,,2,,,,,3.30,,,,
P43,,IOBS,IO_L62N_D6_2,UNUSED,,2,,,,,,,,,
P44,,IOBM,IO_L62P_D5_2,UNUSED,,2,,,,,,,,,
P45,,IOBS,IO_L49N_D4_2,UNUSED,,2,,,,,,,,,
P46,,IOBM,IO_L49P_D3_2,UNUSED,,2,,,,,,,,,
P47,dio_19,IOB,IO_L48N_RDWR_B_VREF_2,BIDIR,LVCMOS33,2,12,SLOW,,NONE,,LOCATED,NO,NONE,
P48,,IOBM,IO_L48P_D7_2,UNUSED,,2,,,,,,,,,
P49,,,GND,,,,,,,,,,,,
P50,,IOBS,IO_L31N_GCLK30_D15_2,UNUSED,,2,,,,,,,,,
P51,dio_18,IOB,IO_L31P_GCLK31_D14_2,BIDIR,LVCMOS33,2,12,SLOW,,NONE,,LOCATED,NO,NONE,
P52,,,VCCINT,,,,,,,,1.2,,,,
P53,,,VCCAUX,,,,,,,,3.3,,,,
P54,,,GND,,,,,,,,,,,,
P55,,IOBS,IO_L30N_GCLK0_USERCCLK_2,UNUSED,,2,,,,,,,,,
P56,dio_17,IOB,IO_L30P_GCLK1_D13_2,OUTPUT,LVCMOS33,2,12,SLOW,,,,LOCATED,YES,NONE,
P57,,IOBS,IO_L14N_D12_2,UNUSED,,2,,,,,,,,,
P58,dio_16,IOB,IO_L14P_D11_2,BIDIR,LVCMOS33,2,12,SLOW,,NONE,,LOCATED,NO,NONE,
P59,,IOBS,IO_L13N_D10_2,UNUSED,,2,,,,,,,,,
P60,,IOBM,IO_L13P_M1_2,UNUSED,,2,,,,,,,,,
P61,,IOBS,IO_L12N_D2_MISO3_2,UNUSED,,2,,,,,,,,,
P62,,IOBM,IO_L12P_D1_MISO2_2,UNUSED,,2,,,,,,,,,
P63,,,VCCO_2,,,2,,,,,3.30,,,,
P64,,IOBS,IO_L3N_MOSI_CSI_B_MISO0_2,UNUSED,,2,,,,,,,,,
P65,,IOBM,IO_L3P_D0_DIN_MISO_MISO1_2,UNUSED,,2,,,,,,,,,
P66,,IOBS,IO_L2N_CMPMOSI_2,UNUSED,,2,,,,,,,,,
P67,,IOBM,IO_L2P_CMPCLK_2,UNUSED,,2,,,,,,,,,
P68,,,GND,,,,,,,,,,,,
P69,,IOBS,IO_L1N_M0_CMPMISO_2,UNUSED,,2,,,,,,,,,
P70,,IOBM,IO_L1P_CCLK_2,UNUSED,,2,,,,,,,,,
P71,,,DONE_2,,,,,,,,,,,,
P72,,,CMPCS_B_2,,,,,,,,,,,,
P73,,,SUSPEND,,,,,,,,,,,,
P74,dio_14,IOB,IO_L74N_DOUT_BUSY_1,BIDIR,LVCMOS33,1,12,SLOW,,NONE,,LOCATED,NO,NONE,
P75,dio_15,IOB,IO_L74P_AWAKE_1,BIDIR,LVCMOS33,1,12,SLOW,,NONE,,LOCATED,NO,NONE,
P76,,,VCCO_1,,,1,,,,,3.30,,,,
P77,,,GND,,,,,,,,,,,,
P78,,IOBS,IO_L47N_1,UNUSED,,1,,,,,,,,,
P79,,IOBM,IO_L47P_1,UNUSED,,1,,,,,,,,,
P80,,IOBS,IO_L46N_1,UNUSED,,1,,,,,,,,,
P81,,IOBM,IO_L46P_1,UNUSED,,1,,,,,,,,,
P82,,IOBS,IO_L45N_1,UNUSED,,1,,,,,,,,,
P83,,IOBM,IO_L45P_1,UNUSED,,1,,,,,,,,,
P84,,IOBS,IO_L43N_GCLK4_1,UNUSED,,1,,,,,,,,,
P85,,IOBM,IO_L43P_GCLK5_1,UNUSED,,1,,,,,,,,,
P86,,,VCCO_1,,,1,,,,,3.30,,,,
P87,hdmi_sda,IOB,IO_L42N_GCLK6_TRDY1_1,INPUT,I2C,1,,,,NONE,,LOCATED,NO,NONE,
P88,hdmi_scl,IOB,IO_L42P_GCLK7_1,INPUT,I2C,1,,,,NONE,,LOCATED,NO,NONE,
P89,,,VCCINT,,,,,,,,1.2,,,,
P90,,,VCCAUX,,,,,,,,3.3,,,,
P91,,,GND,,,,,,,,,,,,
P92,,IOBS,IO_L41N_GCLK8_1,UNUSED,,1,,,,,,,,,
P93,,IOBM,IO_L41P_GCLK9_IRDY1_1,UNUSED,,1,,,,,,,,,
P94,,IOBS,IO_L40N_GCLK10_1,UNUSED,,1,,,,,,,,,
P95,,IOBM,IO_L40P_GCLK11_1,UNUSED,,1,,,,,,,,,
P96,,,GND,,,,,,,,,,,,
P97,,IOBS,IO_L34N_1,UNUSED,,1,,,,,,,,,
P98,,IOBM,IO_L34P_1,UNUSED,,1,,,,,,,,,
P99,,IOBS,IO_L33N_1,UNUSED,,1,,,,,,,,,
P100,,IOBM,IO_L33P_1,UNUSED,,1,,,,,,,,,
P101,,IOBS,IO_L32N_1,UNUSED,,1,,,,,,,,,
P102,,IOBM,IO_L32P_1,UNUSED,,1,,,,,,,,,
P103,,,VCCO_1,,,1,,,,,3.30,,,,
P104,,IOBS,IO_L1N_VREF_1,UNUSED,,1,,,,,,,,,
P105,,IOBM,IO_L1P_1,UNUSED,,1,,,,,,,,,
P106,,,TDO,,,,,,,,,,,,
P107,,,TMS,,,,,,,,,,,,
P108,,,GND,,,,,,,,,,,,
P109,,,TCK,,,,,,,,,,,,
P110,,,TDI,,,,,,,,,,,,
P111,dio_0,IOB,IO_L66N_SCP0_0,BIDIR,LVCMOS33,0,12,SLOW,,NONE,,LOCATED,NO,NONE,
P112,dio_1,IOB,IO_L66P_SCP1_0,BIDIR,LVCMOS33,0,12,SLOW,,NONE,,LOCATED,NO,NONE,
P113,,,GND,,,,,,,,,,,,
P114,TMDSn_clock,IOBS,IO_L65N_SCP2_0,,TMDS_33,0,,,,,,,NO,,
P115,TMDSp_clock,IOBM,IO_L65P_SCP3_0,OUTPUT,TMDS_33,0,,,,,,LOCATED,YES,NONE,
P116,TMDSn<0>,IOBS,IO_L64N_SCP4_0,,TMDS_33,0,,,,,,,NO,,
P117,TMDSp<0>,IOBM,IO_L64P_SCP5_0,OUTPUT,TMDS_33,0,,,,,,LOCATED,NO,NONE,
P118,TMDSn<2>,IOBS,IO_L63N_SCP6_0,,TMDS_33,0,,,,,,,NO,,
P119,TMDSp<2>,IOBM,IO_L63P_SCP7_0,OUTPUT,TMDS_33,0,,,,,,LOCATED,NO,NONE,
P120,TMDSn<1>,IOBS,IO_L62N_VREF_0,,TMDS_33,0,,,,,,,NO,,
P121,TMDSp<1>,IOBM,IO_L62P_0,OUTPUT,TMDS_33,0,,,,,,LOCATED,NO,NONE,
P122,,,VCCO_0,,,0,,,,,3.30,,,,
P123,,IOBS,IO_L37N_GCLK12_0,UNUSED,,0,,,,,,,,,
P124,,IOBM,IO_L37P_GCLK13_0,UNUSED,,0,,,,,,,,,
P125,,,VCCO_0,,,0,,,,,3.30,,,,
P126,dio_2,IOB,IO_L36N_GCLK14_0,BIDIR,LVCMOS33,0,12,SLOW,,NONE,,LOCATED,NO,NONE,
P127,dio_3,IOB,IO_L36P_GCLK15_0,BIDIR,LVCMOS33,0,12,SLOW,,NONE,,LOCATED,NO,NONE,
P128,,,VCCINT,,,,,,,,1.2,,,,
P129,,,VCCAUX,,,,,,,,3.3,,,,
P130,,,GND,,,,,,,,,,,,
P131,dio_4,IOB,IO_L35N_GCLK16_0,BIDIR,LVCMOS33,0,12,SLOW,,NONE,,LOCATED,NO,NONE,
P132,dio_5,IOB,IO_L35P_GCLK17_0,BIDIR,LVCMOS33,0,12,SLOW,,NONE,,LOCATED,NO,NONE,
P133,dio_6,IOB,IO_L34N_GCLK18_0,BIDIR,LVCMOS33,0,12,SLOW,,NONE,,LOCATED,NO,NONE,
P134,dio_7,IOB,IO_L34P_GCLK19_0,BIDIR,LVCMOS33,0,12,SLOW,,NONE,,LOCATED,NO,NONE,
P135,,,VCCO_0,,,0,,,,,3.30,,,,
P136,,,GND,,,,,,,,,,,,
P137,dio_8,IOB,IO_L4N_0,BIDIR,LVCMOS33,0,12,SLOW,,NONE,,LOCATED,NO,NONE,
P138,dio_9,IOB,IO_L4P_0,BIDIR,LVCMOS33,0,12,SLOW,,NONE,,LOCATED,NO,NONE,
P139,dio_10,IOB,IO_L3N_0,BIDIR,LVCMOS33,0,12,SLOW,,NONE,,LOCATED,NO,NONE,
P140,,IOBM,IO_L3P_0,UNUSED,,0,,,,,,,,,
P141,,IOBS,IO_L2N_0,UNUSED,,0,,,,,,,,,
P142,dio_11,IOB,IO_L2P_0,BIDIR,LVCMOS33,0,12,SLOW,,NONE,,LOCATED,NO,NONE,
P143,,IOBS,IO_L1N_VREF_0,UNUSED,,0,,,,,,,,,
P144,,IOBM,IO_L1P_HSWAPEN_0,UNUSED,,0,,,,,,,,,

# -----,-----,-----,-----,-----,-----,-----,-----,-----,-----,-----,-----,-----,-----,-----,
# 
#* Default value.
#** This default Pullup/Pulldown value can be overridden in Bitgen. 
#****** Special VCCO requirements may apply. Please consult the device 
#       family datasheet for specific guideline on VCCO requirements. 
#
#
#